userId,movieId,predicted_rating
1,318,5.0
1,48516,5.0
1,68157,5.0
1,904,5.0
1,908,5.0
2,50,4.534800179016727
2,1213,4.456197839521914
2,1221,4.439687408950659
2,858,4.421985197255574
2,913,4.419448283181581
3,4993,3.674911190707462
3,91529,3.647814841852563
3,34405,3.641314543144909
3,6874,3.619392082728895
3,4011,3.5954595695939737
4,6350,4.485688389099334
4,3275,4.432000195877857
4,1204,4.422431525682214
4,48516,4.3944430555893
4,106782,4.390076910800197
5,1204,4.3787344575194
5,1193,4.370861631688638
5,4973,4.323813351356001
5,3681,4.289024263609618
5,57669,4.287741420502761
6,1270,4.526090528620277
6,177593,4.512431951050395
6,3451,4.496830174056489
6,1704,4.489741265472949
6,1276,4.480594997200221
7,1262,4.543495624047029
7,858,4.29875824670314
7,1079,4.2551722261643725
7,1250,4.193792916667729
7,318,4.192280532515889
8,7361,4.449893905704148
8,1136,4.43506838978958
8,750,4.432359514858783
8,1198,4.412158441708627
8,3451,4.400985035440878
9,260,4.610226996737396
9,1196,4.4352489709250875
9,858,4.389939864321902
9,1204,4.313923409729127
9,2329,4.250639344226461
10,910,4.238431857485669
10,1104,4.200423752494714
10,3275,4.166236816872482
10,3836,4.16140743261832
10,933,4.144189962014513
11,3451,4.783337193505048
11,1217,4.713372992886041
11,1199,4.672004765463277
11,1272,4.652261930159596
11,720,4.647306999109034
12,50,5.0
12,110,5.0
12,296,5.0
12,356,5.0
12,1213,5.0
13,1197,4.667723049551498
13,593,4.6245423756033235
13,58559,4.57472845401491
13,6874,4.558638094092928
13,318,4.556026179791084
14,2324,4.486788445265284
14,1199,4.373074220913975
14,1104,4.372950703677747
14,1213,4.344168102152027
14,898,4.342360750847319
15,1204,4.432370115402757
15,1097,4.301584936047903
15,904,4.1941895561337
15,1104,4.161407541653538
15,4973,4.153698891114106
16,3451,4.132557817093609
16,1228,4.118938048541724
16,1242,4.1180161029545905
16,56782,4.108708051954442
16,38061,4.106200177536905
17,475,4.632042062912372
17,2324,4.629093464140335
17,912,4.557126387361606
17,924,4.533884844883548
17,1199,4.530493498022699
18,912,4.417569195938512
18,1945,4.412698166481546
18,750,4.35667177119007
18,1199,4.354934518180314
18,6016,4.335386769645697
19,4973,3.837080525509992
19,142488,3.783357571624137
19,1213,3.782869350315998
19,1204,3.7768265502036313
19,318,3.7710912871556905
20,296,4.978958115374253
20,527,4.7163697270053895
20,1136,4.713673423630453
20,541,4.684452958878044
20,50,4.675351545184331
21,1204,4.345939161397273
21,908,4.215103320108856
21,2398,4.207537444141706
21,1262,4.194559186864997
21,3836,4.1654454351614225
22,1272,3.616391979254135
22,608,3.4353068851488713
22,1198,3.385485292801828
22,177593,3.332187955042418
22,3451,3.2796002524336263
23,3451,4.14098969259165
23,1104,4.1167587305977795
23,933,4.11422601927781
23,898,4.096951880042835
23,2959,4.0897514189799224
24,1204,4.318824378287052
24,750,4.301849475718579
24,904,4.262091222028814
24,246,4.247724461902618
24,48516,4.245469359935166
25,457,5.0
25,1136,5.0
25,1196,5.0
25,3147,5.0
25,720,5.0
26,750,4.315610923673636
26,1204,4.2317721193922075
26,48516,4.195986672818569
26,1196,4.1491670658005315
26,1276,4.092548816340824
27,318,4.4905523832746805
27,246,4.400601380891894
27,3030,4.3911344161404955
27,55118,4.385558047029971
27,1283,4.375639169242959
28,1258,3.839423805045132
28,109487,3.7713802067807265
28,1217,3.7577822512990013
28,2067,3.7512304626508186
28,80906,3.7371454647410527
29,38061,4.663605334223106
29,246,4.654816884081285
29,7361,4.607976863938613
29,2571,4.607358530860869
29,1258,4.6037128112047805
30,296,5.0
30,527,5.0
30,1206,5.0
30,68157,5.0
30,898,5.0
31,1225,4.924204095785461
31,1204,4.8180056476796
31,50,4.719349274866848
31,2019,4.703475533323212
31,2571,4.686631671513758
32,858,4.701509043901726
32,750,4.698428781617722
32,2858,4.659999082627799
32,1193,4.646548601468225
32,1204,4.607327783428629
33,260,4.724508189639566
33,858,4.559426958123703
33,898,4.538875236253967
33,1196,4.5355210316887
33,1247,4.52637945241286
34,1204,4.645211416492038
34,2239,4.3683303734821735
34,933,4.36348327640102
34,904,4.317203144369285
34,1267,4.2975753698108985
35,3275,4.891099905507835
35,318,4.878658723179398
35,898,4.829924934870233
35,246,4.754256666838879
35,7153,4.749338920170031
36,1270,3.5246022987762595
36,48516,3.5198865300448547
36,1196,3.5196782938856983
36,527,3.4785497607968248
36,1204,3.4663257568537196
37,1204,4.884537584855797
37,56782,4.844248580452315
37,57669,4.818335107117917
37,1104,4.8095952936314985
37,58559,4.805800486571947
38,3275,4.173465323914541
38,858,4.14876208819457
38,56782,4.137525736004389
38,68157,4.137176706478746
38,2329,4.130607564374761
39,2959,4.798373209794473
39,318,4.737825427778043
39,1193,4.697588250240496
39,58559,4.567384229949562
39,3037,4.553862900393288
40,50,4.988337178791749
40,750,4.911719082962882
40,527,4.851590478849107
40,904,4.797738207327979
40,912,4.784607848980089
41,899,4.084325025659604
41,914,4.063455219971424
41,1228,4.053881098326086
41,1283,4.053578980107735
41,1196,4.049886868975302
42,720,4.957018341557563
42,1208,4.9454511080235095
42,3508,4.773835605409929
42,1199,4.711836610107652
42,1206,4.679136349628273
43,50,5.0
43,223,5.0
43,235,5.0
43,333,5.0
43,441,5.0
44,48516,4.483756924451695
44,750,4.445473178378941
44,1193,4.408225200471571
44,1221,4.407041618381402
44,4226,4.350346474359684
45,527,5.0
45,7438,4.952956958641658
45,1276,4.931359515201352
45,750,4.890972853993799
45,318,4.889884611103929
46,5690,4.906113932879801
46,57669,4.902583004163929
46,1104,4.886345044287595
46,441,4.864672266853221
46,48516,4.855190068204303
47,1204,4.009634483033464
47,1704,3.9812096329391142
47,1276,3.9422155069831546
47,1247,3.880183907111859
47,858,3.8705817155163444
48,750,4.927077618815124
48,1204,4.843083150914771
48,1198,4.82485917786228
48,318,4.81159550175064
48,904,4.811082839471592
49,2959,4.798302352180877
49,3451,4.735830245661192
49,50,4.73429134686159
49,3508,4.674156537023196
49,593,4.633999174670512
50,908,3.583291497611082
50,1089,3.5636329094233745
50,1237,3.5282053710154226
50,912,3.5100375824564223
50,1104,3.4733713613042516
51,2571,5.0
51,2324,5.0
51,44555,5.0
51,78499,4.944559307165484
51,951,4.917874686454065
52,50,5.0
52,593,5.0
52,1213,5.0
52,904,5.0
52,912,5.0
53,47,5.0
53,50,5.0
53,110,5.0
53,260,5.0
53,296,5.0
54,1204,3.9340197779014656
54,1197,3.8937456634272856
54,904,3.872021204002434
54,3451,3.7498353785888767
54,1283,3.724085877116607
55,1223,4.037106471350405
55,1204,4.021171530351875
55,4973,3.899852440889543
55,904,3.8763233045667747
55,318,3.866055410379225
56,177593,4.719713072935445
56,4993,4.674123454270611
56,1204,4.661069161770934
56,48516,4.650470244156799
56,1222,4.630065843576499
57,318,4.55179428883836
57,4226,4.508689530345598
57,3996,4.48017211821136
57,1247,4.4764195352573015
57,1732,4.452281794802689
58,3147,4.910720645495421
58,720,4.852965149242723
58,1204,4.850634301480773
58,858,4.834527683409795
58,48516,4.83066687753465
59,1204,5.0
59,6350,4.911996747575477
59,56782,4.904863358008102
59,919,4.898813882804328
59,1197,4.889356792775971
60,296,4.57102966732751
60,750,4.545412030428055
60,1198,4.537123282060708
60,2959,4.506790900370135
60,6711,4.45167987730759
61,1204,4.736068427221112
61,750,4.687619344818634
61,3275,4.597576721955935
61,1104,4.59747337744445
61,7371,4.574973771464642
62,50,4.90589201402243
62,1197,4.831473504346034
62,750,4.8241689313992735
62,1201,4.749647088335245
62,246,4.746130932906609
63,1233,4.585739688128271
63,899,4.553211459068522
63,1204,4.552981871999771
63,3147,4.535890641713181
63,904,4.458228249442067
64,1198,4.739037103423358
64,541,4.686128149996065
64,3451,4.604452208355854
64,750,4.564808463595298
64,48516,4.56194945282122
65,1276,4.5439860950218245
65,1213,4.5066252480311695
65,750,4.502314720207675
65,1204,4.487637748261278
65,7361,4.466053913351556
66,750,5.0
66,1221,5.0
66,858,4.9625359305946795
66,527,4.910734539201157
66,3508,4.887091780400864
67,3451,4.446944304647984
67,50,4.398451942324052
67,4973,4.38362238684832
67,1242,4.383030289450369
67,1104,4.37862970292772
68,1233,4.59195000230682
68,56782,4.4432284800189095
68,898,4.390065620267917
68,1237,4.369999032756682
68,109487,4.263675835310862
69,3681,4.987784939354857
69,2959,4.984832513075359
69,1204,4.946004842911406
69,89745,4.935030408308952
69,1198,4.933502485979795
70,912,4.782271523162306
70,593,4.774041632806721
70,38061,4.7695337099965895
70,4226,4.752290782283249
70,6711,4.7355777428209045
71,318,4.44627291337088
71,7156,4.445481240903794
71,2324,4.4311611469319105
71,1276,4.420561398052829
71,7090,4.412077040684503
72,750,4.870294996130266
72,608,4.712744142887484
72,1204,4.708973354160136
72,56782,4.70300516671616
72,1199,4.697649958812422
73,2959,4.693659756498718
73,318,4.665838402099387
73,1704,4.614786649195562
73,1242,4.5989992042357795
73,1204,4.596176083872208
74,1198,4.981211443265751
74,1104,4.971287145924029
74,1204,4.867336865351195
74,1233,4.862208343321789
74,1199,4.8479411006796465
75,318,4.2512013347659074
75,356,4.060382719467117
75,1276,4.0298545392341465
75,79132,4.026064153439624
75,1270,3.979380906380444
76,5690,3.9329613218383477
76,3451,3.8530101008101973
76,866,3.839959642131179
76,1200,3.78965411526526
76,6350,3.78352704745125
77,457,4.57640089703272
77,2324,4.522393202036435
77,898,4.494936448740381
77,1357,4.403439521495758
77,1233,4.387114108079219
78,3451,4.081233445705843
78,1204,4.069772375117326
78,1213,4.015182854496449
78,1262,4.007736038049575
78,58559,3.9983724112537025
79,318,4.914805069809929
79,912,4.89739565148296
79,904,4.884881075232051
79,1262,4.795989280231026
79,7090,4.774751735999674
80,541,4.954558944464861
80,1204,4.944278250312408
80,1203,4.91267613124764
80,1208,4.869605896290122
80,68157,4.858548562189374
81,750,3.818056792100977
81,2324,3.7861559224413277
81,48516,3.7734867028822645
81,1217,3.684364522045885
81,1204,3.619203781063858
82,1104,4.36296515078478
82,246,4.344994848363052
82,318,4.330388231986993
82,3836,4.323943393337261
82,1945,4.322480320262584
83,922,4.216995973634814
83,1200,4.148913627487171
83,1148,4.106551016061739
83,1214,4.097099697885716
83,1221,4.056228347097759
84,750,4.57269628218691
84,1233,4.486480020520739
84,1089,4.4667318541570555
84,1221,4.455816830127703
84,3683,4.45044329691132
85,904,4.586875798229826
85,1197,4.558222529846688
85,899,4.549038082683046
85,8368,4.537719923163474
85,1196,4.519427408992883
86,2324,4.608038262938765
86,1204,4.589973908903014
86,296,4.5270394040764685
86,48516,4.480264768418675
86,1242,4.471505846155264
87,541,4.833431962067159
87,1204,4.744495832896926
87,750,4.7424614682509505
87,1199,4.74164406321302
87,1193,4.685043832387457
88,296,4.795682430914977
88,750,4.705175123175746
88,2571,4.680269626115762
88,1213,4.618409439554122
88,904,4.593714660581123
89,441,5.0
89,1203,5.0
89,1252,4.969415960610403
89,2078,4.9682586047223865
89,1261,4.950630639729679
90,3275,5.0
90,1204,5.0
90,318,4.96432203835809
90,1223,4.931682427359698
90,1208,4.902360250070331
91,1222,4.339542121071748
91,6711,4.28351522781659
91,1235,4.2824368992132085
91,1945,4.279654685297927
91,6787,4.273637656850696
92,318,4.954342034233153
92,858,4.8933988305565705
92,3030,4.890452205240637
92,1213,4.867714755647031
92,750,4.85620989781501
93,1197,5.0
93,1198,5.0
93,1208,5.0
93,1213,5.0
93,1219,5.0
94,475,4.048348301396898
94,56782,4.034104288687091
94,177593,3.9840765211262372
94,2571,3.9806590745440955
94,1041,3.9567933010871035
95,750,5.0
95,1267,4.814944821236203
95,318,4.801163694887982
95,1197,4.793184803200935
95,296,4.784083157377856
96,750,4.809004367204574
96,1250,4.726804885473495
96,1204,4.707451688945726
96,177593,4.622038446406066
96,1235,4.575064983406087
97,3508,4.962701127821968
97,1233,4.949777135250319
97,898,4.940964383179651
97,475,4.909383497993103
97,922,4.9071769816721655
98,2571,4.675900322075108
98,50,4.656225038332951
98,3836,4.620904132369996
98,750,4.579004069492303
98,3147,4.546785250984763
99,527,5.0
99,1136,5.0
99,1197,5.0
99,750,5.0
99,4973,5.0
100,3451,4.760398483721611
100,1204,4.759558233349088
100,1242,4.717062574516821
100,6711,4.715564056238388
100,1237,4.681502438291098
101,318,4.811096480089866
101,1213,4.633955902555076
101,50,4.6270562884690944
101,2329,4.550003672270577
101,296,4.526049670495381
102,2571,4.439539994447802
102,57669,4.401087985613618
102,7361,4.398992267156394
102,951,4.3750966855069855
102,1213,4.341974259838873
103,2324,4.586753978941997
103,1104,4.557805258806926
103,3275,4.511038412542726
103,27773,4.486367994280305
103,1079,4.4649457546190074
104,1193,4.576101963560585
104,2398,4.50934067661795
104,1276,4.449256894443313
104,912,4.425592113626537
104,1283,4.360074321985495
105,1204,5.0
105,3429,4.952267839096542
105,1276,4.940190848612689
105,1223,4.929065625996753
105,2067,4.919212582155026
106,296,5.0
106,527,5.0
106,57669,5.0
106,1237,5.0
106,1204,5.0
107,3451,4.775160439909939
107,1283,4.725601808910009
107,745,4.7085856387907
107,1252,4.681696373951905
107,1104,4.6772012505920175
108,318,5.0
108,912,4.95568378833529
108,2858,4.84501017892927
108,741,4.82734184678751
108,1242,4.820436345923408
109,750,4.316327842125871
109,1089,4.201041777141768
109,1208,4.1776980948596805
109,1221,4.170332325624041
109,4973,4.144616110532164
110,318,4.655365608846871
110,904,4.511834455749497
110,1197,4.4399094590921395
110,1172,4.436057467564022
110,1270,4.434167880757859
111,3213,4.632281021461473
111,951,4.57500572027528
111,69481,4.5722366974829125
111,168252,4.568475272709618
111,265,4.554946927368567
112,56782,4.582187612942353
112,1136,4.527118778452223
112,48516,4.5194133392572775
112,750,4.446312472348498
112,1193,4.411827670786022
113,750,4.704566561911889
113,898,4.630244432906236
113,1136,4.617223386228961
113,1242,4.586867005948616
113,1210,4.566603413969662
114,3275,4.134946668451817
114,1242,4.119297772231127
114,38061,4.072567389414123
114,1272,4.065493434890087
114,1247,4.063425971904266
115,858,4.9616983111685835
115,1206,4.8527424839739925
115,318,4.834970532376461
115,1089,4.797989042467025
115,1221,4.783598313949075
116,68954,4.446913348626072
116,922,4.298796419668836
116,58559,4.287140089229611
116,246,4.270625359271094
116,4973,4.244160297325731
117,260,4.284091314883047
117,750,4.231340171896276
117,1198,4.220328577146178
117,541,4.20877324371666
117,246,4.203662845479529
118,2324,4.462456395286475
118,1204,4.45283707926762
118,933,4.400715170351187
118,750,4.367816122840416
118,48516,4.359826962228025
119,475,4.92899719089638
119,56782,4.913035299929644
119,1089,4.901564542613104
119,750,4.899483614391646
119,1204,4.873940023300202
120,1204,4.490718911822339
120,750,4.483847349429633
120,912,4.31895700166689
120,5618,4.314371969243192
120,908,4.307894294361611
121,50,4.275227948018685
121,1104,4.184265585293724
121,2571,4.149806929141868
121,2959,4.140872098433932
121,593,4.085831810968317
122,1258,5.0
122,1617,5.0
122,3703,5.0
122,475,5.0
122,904,5.0
123,1104,4.583204182448417
123,1204,4.5711384492636435
123,1245,4.554279685578965
123,58559,4.527477308284799
123,898,4.4845842992923215
124,4973,4.773060319547985
124,750,4.676528615745849
124,1276,4.643325380790533
124,1704,4.620935433213356
124,1204,4.59020093180979
125,260,4.7699023274893575
125,1204,4.746847216794627
125,3451,4.703016383082541
125,1172,4.666678506375205
125,1250,4.61475952475007
126,1204,4.193011071663539
126,1250,4.128915283651979
126,2324,4.0932878827284425
126,168252,4.080328082602514
126,912,4.076184358503651
127,2959,3.982552472825282
127,1233,3.97310999101569
127,296,3.9271604715846142
127,50,3.920170381025749
127,318,3.900872586728183
128,318,4.8736352149949695
128,750,4.856572495783088
128,5690,4.773318830603633
128,2324,4.768137928374523
128,3836,4.7593960432116
129,318,4.888894158985053
129,720,4.74291764463049
129,1204,4.642916297665653
129,2324,4.58129664288658
129,1262,4.5773870562432775
130,2324,4.4399586265260504
130,1203,4.399073232836026
130,38061,4.394083945948824
130,1213,4.384878657871808
130,3508,4.35981326567685
131,4973,3.9394468674497625
131,1225,3.903903230484034
131,2959,3.9019504133785228
131,55118,3.884996756209275
131,2324,3.877256567882423
132,4011,3.818285088609261
132,1204,3.812784416809715
132,750,3.779845198531216
132,1222,3.7710934310126834
132,6016,3.760422270219972
133,1204,3.912498436872988
133,2329,3.7239832980964036
133,48516,3.702638939531602
133,177593,3.6570845407759562
133,1270,3.6465421138366536
134,1204,4.633162904551594
134,5690,4.624909055684949
134,177593,4.520392733266986
134,1258,4.475569114449523
134,1208,4.441793116955655
135,1223,4.610719576559349
135,3037,4.6009664122760885
135,1221,4.580203192757266
135,1228,4.563427698108828
135,5618,4.550918753432204
136,56782,4.475100573086961
136,177593,4.461491004164714
136,1208,4.456633576070089
136,40819,4.4496235993449655
136,3735,4.433919794788512
137,3275,4.464986560220456
137,56782,4.437953764543978
137,48516,4.431610925395937
137,3508,4.406339708926463
137,2502,4.400160508317733
138,3451,4.415826868935008
138,1204,4.40567688969051
138,1272,4.396559274617322
138,1258,4.378218152080552
138,1267,4.37640176381839
139,246,3.0413051680938192
139,1228,3.018528367078377
139,57669,3.006418267719383
139,2324,2.995024964305661
139,1104,2.9920380439399326
140,1172,4.257467021492634
140,92259,4.182636986317951
140,7361,4.18190330912902
140,6591,4.148273896749161
140,904,4.1399136798798475
141,56782,4.302227214336884
141,1242,4.270694309304673
141,1267,4.268097155626762
141,741,4.244411229731206
141,750,4.22844547031448
142,1197,4.668534441323536
142,2959,4.650622188153893
142,750,4.610718943503946
142,318,4.6086442866623285
142,4226,4.5494186128803795
143,1204,4.347363066022754
143,3578,4.226754193875797
143,6787,4.223262030683092
143,933,4.216076886939446
143,1304,4.159804353373548
144,858,4.509277459487124
144,750,4.424827710422787
144,1221,4.348117673809516
144,922,4.322227096342768
144,56782,4.291730530199137
145,750,4.298211484932222
145,1136,4.288423847625738
145,356,4.249001968134779
145,1197,4.227571096757268
145,1233,4.223041441647364
146,318,4.484484945360208
146,356,4.39592974654505
146,750,4.326630804728612
146,296,4.315288478485377
146,527,4.302134710315591
147,2324,4.660040765099347
147,858,4.487714112843771
147,1217,4.4788596640119644
147,318,4.462479292086426
147,44555,4.450965182316438
148,1204,4.492808569680805
148,3275,4.3392356889631145
148,3451,4.252071924165227
148,7361,4.224656588952461
148,750,4.224590629864433
149,2571,3.9102581629469344
149,1204,3.720858652204655
149,109487,3.691287555765505
149,2019,3.685137676176367
149,3730,3.678409562981395
150,3451,4.555945926280974
150,4011,4.5185269520312055
150,318,4.515260994348596
150,2329,4.470218883174704
150,750,4.469694311154958
151,1204,4.763008904722609
151,750,4.725026757734006
151,1199,4.6690350509238066
151,356,4.650626712451288
151,1214,4.603303644305016
152,1104,4.552411612177678
152,1204,4.532691670800204
152,2324,4.4283969422541185
152,4993,4.4232047997010575
152,2502,4.407277295865068
153,38038,3.505705762460974
153,247,3.423832241644523
153,1204,3.378916109129469
153,1288,3.3602957760749224
153,91077,3.345611019491031
154,48516,5.0
154,1276,5.0
154,933,5.0
154,1262,4.987777128229064
154,50,4.977954193427337
155,1203,4.557207090412634
155,1283,4.533496577273345
155,898,4.523708575338745
155,318,4.502782203758824
155,246,4.4841625771674725
156,1104,4.530957467575167
156,57669,4.50644038293286
156,98124,4.495322689163304
156,527,4.4764089239976705
156,1178,4.466765853339464
157,1198,4.616233687392915
157,1136,4.558891502356731
157,1204,4.540450417102354
157,858,4.53855508692385
157,48516,4.496920019742631
158,750,4.513217072614837
158,318,4.4397823273526145
158,68954,4.428541581093607
158,38061,4.421393427184957
158,1242,4.415374389835713
159,1276,4.120989356724212
159,910,4.092657710009555
159,3671,4.028319794619849
159,246,4.017591370038636
159,3424,4.011851623932996
160,741,4.546645549694097
160,1206,4.458960863775102
160,1732,4.4442807524669545
160,109374,4.386423865496286
160,4973,4.336989872171073
161,1198,4.664068856574195
161,1213,4.62580778115576
161,246,4.60987922211484
161,7090,4.577856220467357
161,1270,4.577614379330277
162,1221,5.0
162,1217,5.0
162,2571,4.99784028371053
162,908,4.97380588422652
162,750,4.9725716059524965
163,1217,4.159190076254436
163,1213,4.056562298655958
163,750,4.052726247799631
163,48516,4.051639036650658
163,6711,4.039822903685863
164,318,4.900136519380388
164,2329,4.848867480882738
164,2959,4.833102522366015
164,899,4.822927122712933
164,1276,4.808240642437264
165,2160,4.263768255097732
165,1204,4.255906139588699
165,2959,4.208811671669898
165,318,4.200550378864109
165,593,4.18880568993195
166,1204,4.776833023352788
166,750,4.745838627145626
166,1136,4.6666926626064695
166,1104,4.647064482576707
166,1213,4.611482864206981
167,5618,4.3627311751616515
167,58559,4.285327024327117
167,1266,4.270162253767087
167,60069,4.2357074015444764
167,57669,4.20634393165756
168,318,5.0
168,5618,4.9307610926309255
168,2959,4.921067796238279
168,1250,4.902771023654227
168,1204,4.894751328085394
169,1208,5.0
169,475,5.0
169,904,5.0
169,750,5.0
169,1104,5.0
170,1204,4.23345505780801
170,48516,4.183345137769644
170,1276,4.175923341653468
170,3275,4.1572780835739875
170,1203,4.153706267847504
171,50,5.0
171,356,5.0
171,1213,5.0
171,1222,5.0
171,1258,5.0
172,1104,4.491567588891658
172,908,4.469436735304071
172,2959,4.44475988176986
172,1201,4.429955723334624
172,1172,4.426314996372463
173,318,4.466903633189662
173,1204,4.382300535903197
173,3275,4.2332239320367036
173,38061,4.221147663615994
173,1148,4.194466217497165
174,1204,4.766543125264963
174,48516,4.704038466934476
174,1223,4.702534391508725
174,750,4.697628751793815
174,1197,4.682113700947773
175,260,4.5853733637266405
175,1266,4.559475433938896
175,1270,4.558122316503872
175,1196,4.534559236988715
175,2571,4.508887199972971
176,1204,4.940040455156164
176,1213,4.898240694592302
176,56782,4.857145831221088
176,1223,4.845496833318243
176,58559,4.831104443950605
177,1276,4.687471790503691
177,1233,4.443059059628365
177,2324,4.3483748763050905
177,7132,4.3114192123633845
177,112552,4.294490345875649
178,48516,4.797695072310463
178,1104,4.768843345519741
178,912,4.710580099774204
178,3147,4.680706029359841
178,3451,4.6622281956083595
179,4973,4.740878557187905
179,904,4.729039983210247
179,922,4.716179007798947
179,2571,4.6742631742329035
179,898,4.637144115669507
180,750,4.27754265566122
180,50,4.195804055066257
180,1276,4.187492501079571
180,1223,4.180566674461705
180,56782,4.171448521350676
181,1204,4.098246105649987
181,3147,4.057588847254393
181,1283,4.001573105241803
181,1228,3.9675386446031906
181,1272,3.9243636583522115
182,3396,4.521168794735603
182,48516,4.470230412727787
182,1178,4.399878893811874
182,928,4.398471959684997
182,142488,4.362598582731491
183,356,4.6592811403082575
183,1197,4.592422218919504
183,3030,4.537907758229643
183,3671,4.528448455818018
183,318,4.5260661447014865
184,2858,4.715926307515053
184,110,4.613340628697416
184,56782,4.5436305567940325
184,1283,4.5365577323839
184,6711,4.533054665736436
185,904,4.433442037389676
185,2959,4.352955659248847
185,858,4.327258474641018
185,2019,4.302023571131413
185,1276,4.299107011930476
186,3451,4.855123565009055
186,318,4.796198011378051
186,1276,4.7810214155321
186,1237,4.74403073927128
186,904,4.73934554294237
187,720,4.649953459366783
187,1193,4.627134554577313
187,2324,4.625119669289485
187,1217,4.6072294869798425
187,1178,4.57990267921065
188,318,5.0
188,912,5.0
188,1203,5.0
188,1242,5.0
188,1262,4.995084861210543
189,1204,4.524503763960987
189,1617,4.415204294402435
189,1222,4.400444491134281
189,1197,4.399621908182835
189,1217,4.367837020058655
190,57669,4.59859681627193
190,1204,4.533984970275242
190,50,4.494796901763458
190,898,4.482412278694482
190,48516,4.474573171308338
191,4973,5.0
191,750,4.948288820894897
191,924,4.8833119505023665
191,2324,4.829359558016323
191,57669,4.821131484760552
192,318,4.832375787415386
192,2571,4.766465791115095
192,2324,4.764414438010378
192,1198,4.759655654476026
192,177593,4.758374479288986
193,750,4.411165247670902
193,1262,4.2778580731257385
193,1258,4.2748352780610395
193,2502,4.265538811178355
193,247,4.228580945245404
194,1197,4.364978931006372
194,318,4.34587822590672
194,1204,4.343390008895138
194,3451,4.321326766514962
194,1258,4.303532033095998
195,3147,4.561824322540318
195,7153,4.437057786539483
195,1204,4.392077016880069
195,7371,4.3575623550930995
195,1178,4.33160410482969
196,1204,4.561730533546065
196,27773,4.491305910211245
196,318,4.476550452125538
196,44555,4.442288654190788
196,3275,4.429924852337221
197,48516,4.753640708029149
197,246,4.636938250141119
197,1198,4.609365635039584
197,1210,4.5776102359150475
197,750,4.571506685432229
198,1223,4.493382330001258
198,904,4.3885406424960856
198,908,4.32150897956967
198,48516,4.316975036330426
198,1204,4.314221975319028
199,3996,4.556119038209765
199,1252,4.408131279491468
199,1225,4.3376171184432835
199,1223,4.323776440024405
199,3994,4.250174517593945
200,68157,4.727377074546761
200,1283,4.721720771485765
200,1193,4.630112439646197
200,48516,4.618575233132745
200,1266,4.604503414323606
201,527,5.0
201,904,5.0
201,910,5.0
201,7361,5.0
201,2160,5.0
202,4226,4.5822937779677915
202,904,4.547403042385997
202,79132,4.538582327531355
202,1217,4.5354080475304155
202,4973,4.533748300229107
203,48516,4.6330209658118875
203,4973,4.599298416178823
203,1203,4.554265327633354
203,246,4.537342208817808
203,1222,4.526193629748098
204,750,4.623494726454771
204,3703,4.619942148589137
204,89745,4.548793005909802
204,3275,4.5349613023188695
204,111,4.509649220781627
205,858,4.579717127072746
205,318,4.5528842452207625
205,1204,4.486730846291107
205,1221,4.4091753792584845
205,57669,4.391915559128586
206,318,4.893795934539502
206,2959,4.72804838882469
206,1225,4.7057135155526275
206,1250,4.70001755973541
206,910,4.684306131829384
207,2571,4.068631963603539
207,296,4.033519382727977
207,904,4.02912697544363
207,527,4.010899729936459
207,1945,4.003145945157396
208,318,4.322063665770548
208,356,4.292286965994741
208,1223,4.268174477989969
208,1204,4.252297290705295
208,1197,4.208386271466422
209,904,4.71425066636441
209,1204,4.6943875897983105
209,296,4.692931229803786
209,750,4.677367166857766
209,48516,4.663624646861428
210,3435,4.901503952088406
210,3451,4.852717125535803
210,1209,4.807851245490125
210,56782,4.794896565953091
210,1233,4.792178866073839
211,1204,4.564840219092753
211,1203,4.555020460042426
211,1242,4.466740684709751
211,110,4.455395197893437
211,1266,4.438352290196602
212,1204,4.3246696131238185
212,2324,4.266925446761098
212,7156,4.234561490943408
212,7371,4.219971984313918
212,1217,4.2159779635513885
213,593,4.647691712081746
213,1104,4.639651798488669
213,3275,4.62752541876061
213,318,4.623571679675069
213,2324,4.5982304865821995
214,318,3.8780648842780896
214,1213,3.86314045912902
214,296,3.836046774721901
214,1242,3.8312883891788223
214,1193,3.83056377879707
215,1262,4.594255180880334
215,8368,4.50963253469282
215,3451,4.505750352222605
215,750,4.475357647694269
215,246,4.4562796352494365
216,260,4.597198792597489
216,1204,4.532129363117837
216,866,4.446550805330231
216,1249,4.444323123580498
216,1228,4.381469498546054
217,1204,3.971948097140882
217,5690,3.9031468704256
217,7090,3.8704309932381387
217,318,3.8701858287971946
217,177593,3.860164200999621
218,296,4.416351119681673
218,1204,4.200964064870696
218,898,4.199740164602101
218,1193,4.16156731747241
218,7361,4.15554970387999
219,527,4.351095414203259
219,1223,4.342445369638461
219,7099,4.341404398643937
219,2324,4.250438287970987
219,1201,4.247645262739805
220,904,4.83514514556341
220,2019,4.738204170615067
220,56782,4.73670556238697
220,7090,4.722225880689972
220,1276,4.700475573364485
221,1248,4.751674439903421
221,899,4.639212632342074
221,3451,4.634887636784356
221,3266,4.610381699546058
221,1446,4.608201175444683
222,260,4.334753098453864
222,1196,4.258413163303006
222,318,4.156373460469205
222,908,4.036525956707097
222,1204,4.030210362368078
223,1221,4.018742477299371
223,1387,3.957870679418167
223,246,3.934420728641094
223,1242,3.907356956358911
223,2019,3.900453419385608
224,177593,5.0
224,1262,5.0
224,318,4.9878916084207665
224,1086,4.940522507858098
224,1272,4.929992599662068
225,356,4.63497328520052
225,1204,4.631019021362638
225,750,4.5020730226679415
225,2067,4.46135547480963
225,912,4.445824752548827
226,858,4.619930888177015
226,1223,4.510464868092921
226,1213,4.489216518615904
226,318,4.438212565071835
226,1080,4.429158692440763
227,1204,4.747888193485387
227,48516,4.645909122095495
227,1242,4.633744516404607
227,933,4.630896066182961
227,1225,4.62939624012489
228,56782,4.525247769001344
228,58559,4.5020136358761995
228,593,4.455582993954223
228,1204,4.4538593582346575
228,1223,4.442307309326052
229,3275,4.580105308660022
229,1272,4.554984690583361
229,3451,4.5079234885789905
229,1204,4.4983900380598865
229,1267,4.476182538398881
230,38061,3.842611142390584
230,58559,3.774543026102851
230,66934,3.769184331288956
230,5995,3.7624560375160048
230,3429,3.761027760923352
231,1242,4.2911458378299265
231,933,4.281242741604566
231,3451,4.270300093943718
231,1213,4.261975848334892
231,1237,4.24331430064082
232,1221,4.367620418468148
232,904,4.341036066215886
232,1200,4.282169014317461
232,50,4.253193280530206
232,1213,4.251981179641842
233,4011,3.930325300987551
233,750,3.900565566108006
233,78499,3.8888099665866624
233,1221,3.8750500688174316
233,1262,3.862849985227935
234,912,4.839066971922835
234,750,4.694384745997611
234,904,4.680351611272083
234,57669,4.651844197225931
234,7090,4.648469077315623
235,750,4.571454453530183
235,2324,4.565562535489474
235,1204,4.50923710171422
235,1199,4.49270664726585
235,1223,4.488974918357028
236,750,5.0
236,858,4.986853927267291
236,260,4.935425239538915
236,50,4.930684836284547
236,1258,4.917875158364365
237,750,4.120724979103726
237,898,4.095042708006429
237,1198,4.076611476954293
237,48516,4.062210883438222
237,246,4.0544058427117395
238,898,4.52367993096654
238,3275,4.510847084669379
238,106642,4.4791587569016755
238,904,4.439283240942245
238,91529,4.432532833906317
239,1204,4.7363014183660175
239,527,4.691273224842439
239,7361,4.668581603836405
239,1617,4.627077743449789
239,750,4.602002473304668
240,56782,4.989643506827014
240,1198,4.920352603569131
240,2067,4.912257393272619
240,38061,4.9040472522478105
240,1249,4.903406216057515
241,57669,4.62481752440948
241,1204,4.571084486628857
241,1276,4.541489796535599
241,48516,4.516631078858453
241,898,4.5054100159508135
242,527,4.570966350278105
242,1204,4.55800754933584
242,1617,4.533180207845543
242,1223,4.526348434932169
242,1203,4.52609735754196
243,58559,5.0
243,1203,5.0
243,38061,5.0
243,44555,5.0
243,57669,5.0
244,3275,4.630104845281223
244,168252,4.621887207006438
244,3508,4.620349780462456
244,48516,4.604875768971093
244,1217,4.59881373286247
245,475,3.602852981810214
245,57669,3.6010915076533934
245,48516,3.581122941999485
245,1276,3.564808864793684
245,2067,3.5566140173384064
246,3508,5.0
246,56782,5.0
246,3451,5.0
246,3468,5.0
246,1276,4.99292861551915
247,4973,4.339171115826066
247,1204,4.330102885311847
247,3451,4.239904645381023
247,904,4.200247160322281
247,1104,4.192235148758403
248,7361,4.435125790703214
248,1225,4.397354798621484
248,1276,4.395393006910863
248,7153,4.368132211774678
248,750,4.357045838640657
249,1136,4.699082434151575
249,1204,4.6947777052772395
249,3451,4.669817222598595
249,1223,4.648460369577288
249,1208,4.642701522131451
250,50,5.0
250,296,5.0
250,1203,5.0
250,4973,5.0
250,1262,5.0
251,50,5.0
251,1213,5.0
251,720,5.0
251,5952,5.0
251,4011,5.0
252,318,4.940123170667433
252,527,4.871186837934216
252,260,4.835298224358807
252,1136,4.834068790916984
252,48516,4.813950019285643
253,318,5.0
253,750,5.0
253,527,4.974373672108736
253,1276,4.948050591228433
253,2959,4.941290592445788
254,750,4.69017137567337
254,541,4.677974929918893
254,1233,4.586670923320321
254,1221,4.549384684000522
254,1217,4.529171012567925
255,168252,3.523554398093403
255,3275,3.5018745490917613
255,50,3.4732666215696457
255,898,3.4689420264263724
255,2959,3.4636440106395514
256,2318,4.751624671603782
256,246,4.749514903833254
256,3147,4.738931862611823
256,904,4.730419448397563
256,3275,4.727765025328267
257,912,4.251339997876962
257,1104,4.139287634276565
257,177593,4.115166908795068
257,1283,4.074890471296448
257,1276,4.068344097277154
258,50,4.742583301751194
258,541,4.728325174089801
258,1221,4.700150005608995
258,7153,4.697334442162601
258,750,4.688788336839179
259,2502,4.03970722361693
259,38061,4.0393391074137135
259,914,4.023350627991142
259,800,4.010104018911307
259,44195,3.9884488616110105
260,318,4.575433434721705
260,1270,4.382080504381421
260,78499,4.378311935959947
260,1276,4.3669833592974525
260,1250,4.362350960150414
261,904,4.678275683092162
261,2019,4.564888567102394
261,1204,4.522763904804901
261,475,4.5040625108822905
261,4226,4.502523892740733
262,750,4.086077380215067
262,2019,3.9982150468373217
262,1199,3.9617179806584195
262,3836,3.9545336739129686
262,4226,3.9533295424659562
263,2959,4.456006821985749
263,78499,4.423240050156581
263,904,4.398726954773824
263,1199,4.389530817143729
263,1213,4.362098496364429
264,1228,4.509479688151783
264,1276,4.3795009860364065
264,318,4.296703514273724
264,5690,4.288427272308189
264,1262,4.2756348390235575
265,58559,4.484091679405536
265,50,4.2114747750557315
265,1242,4.172383250710529
265,48516,4.155069429858608
265,441,4.144930337954754
266,858,4.893961856655055
266,2291,4.614175139707305
266,3030,4.60898469161404
266,1249,4.581662691692267
266,5952,4.524692358240976
267,1204,4.95554288960255
267,356,4.875631248338345
267,6711,4.865499503531634
267,1217,4.852201561206484
267,7371,4.845070776019153
268,912,4.558047817935959
268,162,4.305839980444375
268,923,4.304134814457685
268,4226,4.291957564677144
268,1250,4.260342759805218
269,1104,4.7640531285917245
269,750,4.752864595771309
269,356,4.734291636788564
269,318,4.722622753012031
269,1276,4.7166777365367265
270,318,4.402516880208717
270,858,4.341035445513616
270,50,4.314001545447288
270,2571,4.302792816115941
270,750,4.27072383413719
271,1204,4.025224088402958
271,2324,4.019457226792892
271,3451,3.987192070260795
271,56782,3.9743315974579865
271,296,3.95254190329114
272,1204,4.328049474537057
272,1193,4.299837599739144
272,246,4.254278547383823
272,296,4.246727007022546
272,4973,4.221082617630869
273,7153,4.915893511496105
273,858,4.897672127977604
273,3037,4.858580059339835
273,898,4.828459313863511
273,2959,4.824723391243325
274,1204,4.129253376627426
274,913,4.110601273339678
274,38061,4.096857878270404
274,3468,4.063489049023766
274,1245,4.055369848985712
275,1104,5.0
275,7090,4.925922885472513
275,48516,4.920010252541429
275,1276,4.903540849736099
275,46578,4.900445116225903
276,50,5.0
276,457,5.0
276,593,5.0
276,1197,5.0
276,1198,5.0
277,1104,4.658082354862922
277,3275,4.649547619244728
277,3468,4.603879941770544
277,1204,4.6037438850300285
277,318,4.570340045281153
278,3275,4.654101855306452
278,78499,4.618915511517377
278,951,4.6149729804607205
278,858,4.611657963853452
278,2959,4.6068604011641145
279,1204,4.2572099980850435
279,1199,4.23094906426773
279,47,4.2029415684453655
279,2324,4.16708020654951
279,2160,4.165642266649153
280,318,4.912649745398305
280,2959,4.838868259661336
280,293,4.838425721821178
280,4993,4.804964206550088
280,5952,4.7556906239037655
281,1262,4.237903350577579
281,1213,4.236445865066283
281,527,4.1875187255089354
281,912,4.183592993912956
281,246,4.164902734835968
282,904,4.772513028902711
282,6016,4.735702096075063
282,1172,4.657424251496778
282,608,4.653480077563584
282,1262,4.643630480014778
283,2028,4.156570689353781
283,858,4.1294532819155
283,750,4.1073930798147815
283,1198,4.088779822480804
283,1223,4.0575944179189545
284,1204,4.822943754566125
284,48516,4.816874128071577
284,910,4.807913682392752
284,4973,4.723915681036273
284,899,4.715038386284757
285,1208,4.536511245031909
285,318,4.5016995033868605
285,1233,4.498171610164616
285,527,4.4808137652159035
285,898,4.475749441032857
286,318,4.624627653505086
286,1203,4.505497982653719
286,2324,4.490431770540728
286,38061,4.448278657553637
286,4878,4.445726952866431
287,296,4.543089399543508
287,750,4.21865374248644
287,475,4.055836966741493
287,111,4.051444030938165
287,4226,4.007930052773135
288,50,4.416678406750354
288,2858,4.379463571991996
288,1223,4.303943617141352
288,1221,4.286376452426924
288,3030,4.253204896151709
289,4993,4.643087760745676
289,1201,4.54570135833027
289,858,4.4834182042455
289,1221,4.460994622956683
289,7153,4.439316420551898
290,5618,4.685878696069594
290,2502,4.663749605612941
290,720,4.64631350978343
290,56782,4.6343202110737725
290,1197,4.634228258069104
291,1233,4.832473827342371
291,1262,4.75985395145304
291,3451,4.753134481239565
291,2067,4.743676096641749
291,910,4.737655665847176
292,1197,4.264786796491936
292,3429,4.187954847513247
292,2423,4.173518456916246
292,246,4.172501223646325
292,106642,4.160951175933881
293,904,3.822702764664749
293,246,3.7662917803373346
293,1193,3.764669023131237
293,1204,3.764247760431757
293,899,3.7587006457370102
294,2324,4.1198535123384605
294,8949,4.1111333238690495
294,589,4.057812055230679
294,904,3.9353440113643265
294,3275,3.923633461859397
295,356,4.5621057433171055
295,38061,4.437878421361293
295,5618,4.359967600620378
295,1262,4.3291574244616005
295,2019,4.296505118646898
296,858,4.7980360288822546
296,1221,4.766899344058269
296,750,4.733239092525767
296,908,4.71377606424471
296,260,4.709266415618176
297,296,3.963444806453702
297,913,3.7362507014773865
297,475,3.6948528547748327
297,1136,3.6798598540611898
297,1196,3.6636263862430076
298,1199,3.5783750145296516
298,2329,3.5561348055212685
298,1090,3.550787612738594
298,306,3.480748433670571
298,1997,3.351077811047729
299,1204,4.6364619850899205
299,260,4.512047272080119
299,318,4.504179997785462
299,912,4.444964511030092
299,1197,4.438686424256791
300,912,4.706423035251203
300,1233,4.691021685035999
300,930,4.659425724398325
300,1104,4.650040587548835
300,898,4.634812002465258
301,1136,4.316658293765311
301,1204,4.236718704877089
301,4878,4.232371245455107
301,750,4.218822394889603
301,1197,4.183454192108599
302,750,4.936676213709018
302,1204,4.841218333639862
302,2571,4.8392998327189805
302,318,4.8099348016632995
302,541,4.7309488181631245
303,1198,4.761079378361028
303,2324,4.745907401874935
303,1242,4.71249453432212
303,6711,4.639083377460148
303,5690,4.613772140667755
304,58559,4.884363052741284
304,1204,4.85630757941724
304,5690,4.771066006740172
304,1237,4.722774352005629
304,1199,4.696014815157012
305,1673,4.743563599121235
305,1079,4.729295153737674
305,1248,4.677764581658444
305,2019,4.639757565796005
305,2580,4.584652637181627
306,4993,4.239339358373246
306,778,4.2107485072541735
306,933,4.210068982671796
306,1225,4.168187139843058
306,2329,4.163513781620639
307,750,4.308614376969995
307,293,4.220120638199316
307,1080,4.207969759362573
307,1748,4.108347549848119
307,4027,4.105659786084107
308,588,3.4609677508824923
308,5060,3.362161851268133
308,2076,3.3468771307080973
308,1950,3.2807465956376594
308,898,3.2301200229580647
309,356,4.395901474358386
309,2959,4.380709190561707
309,3508,4.3432119192458165
309,1148,4.2837836912418386
309,177593,4.263266774958924
310,1201,4.671038930150524
310,4226,4.523913367461073
310,593,4.402232581756431
310,4993,4.386945807874252
310,6016,4.370344470666968
311,912,3.255698759691392
311,922,3.2506482179745007
311,318,3.2016303582180363
311,1276,3.200245781127425
311,910,3.1938038726980507
312,296,4.984216360076452
312,1221,4.840079157366386
312,318,4.748878731096219
312,858,4.718142448448145
312,50,4.704591544121421
313,969,4.687474758639288
313,6283,4.605456781492887
313,933,4.554915366751649
313,68157,4.54434353630969
313,1945,4.543214294027777
314,720,4.206968012314903
314,910,4.144789569984954
314,1198,4.113555629314482
314,608,4.104159837096293
314,2067,4.089805234503669
315,318,4.378659500003984
315,2959,4.158226559907933
315,177593,4.072607863583617
315,1221,4.037147522239657
315,48516,4.014448607078601
316,1204,4.08551139870447
316,296,4.055182749334328
316,318,4.052430162070481
316,50,4.044412702543744
316,48516,4.019078502476731
317,1198,4.2960890626320065
317,1204,4.27046011189895
317,1266,4.266806904473923
317,1210,4.256695557838144
317,1945,4.2505147763588615
318,1104,4.571979925048134
318,3275,4.52148593145969
318,933,4.517985886336625
318,1204,4.508275808981843
318,1945,4.5040805251439755
319,296,4.941612088992743
319,1225,4.933330565343896
319,1204,4.907787126775096
319,1223,4.863446255229217
319,1198,4.8315628879295165
320,7153,4.379479008396963
320,4993,4.376092764697769
320,593,4.375039972427975
320,50,4.352920733785231
320,4973,4.314567576583081
321,56782,4.536089351206492
321,105504,4.4895336178793945
321,1104,4.471443557557709
321,58559,4.466077810832278
321,750,4.4595415004746215
322,246,4.150382744368367
322,3429,4.067590510545592
322,1198,4.024251944997063
322,904,4.018821725167619
322,1253,3.9589210267476855
323,2324,4.095783108646289
323,741,4.02404562506575
323,750,3.9954412990006585
323,720,3.974110913069647
323,904,3.951805192433403
324,318,4.1042071190361264
324,1225,4.028216774012868
324,1276,3.992794419326131
324,951,3.978128829914981
324,2959,3.949684779980568
325,50,4.57289977726691
325,1136,4.555412711238162
325,2959,4.54220462415761
325,1221,4.472262725976833
325,1178,4.435666073233555
326,1204,4.735125922034707
326,64716,4.643305086824048
326,55442,4.634645463207965
326,933,4.629803834297856
326,3429,4.586653197781357
327,260,5.0
327,1196,5.0
327,750,4.974048323189832
327,246,4.957987392956061
327,1204,4.924010088440607
328,5618,4.150625995495182
328,56367,4.0868830476667055
328,1235,4.038781017468014
328,541,4.03154622285215
328,1217,3.9860760270624604
329,1225,3.672475881196274
329,115569,3.618065294443255
329,910,3.5499154517548543
329,8958,3.5450877014582556
329,29,3.5328496073520217
330,5747,4.56926785242598
330,4848,4.522172797734253
330,1221,4.515429107437431
330,5060,4.490867461543994
330,6350,4.49000783744603
331,750,4.589446259474028
331,1223,4.487273860780926
331,1104,4.4871716296068636
331,3030,4.435903320172294
331,1199,4.417413678778704
332,3451,4.243557727262336
332,1104,4.238010479604133
332,898,4.227290892432852
332,1276,4.222800431241555
332,1197,4.201068215543139
333,1203,3.9433378713550984
333,318,3.8779152936855077
333,1104,3.830786160080457
333,1276,3.827320575109821
333,1148,3.7964986734168047
334,1204,3.9571330242529856
334,912,3.935948398317468
334,1197,3.919710023550846
334,1233,3.915477042580415
334,899,3.9058958671032666
335,4973,4.595475725967154
335,1198,4.558721502777445
335,246,4.552678610509345
335,3000,4.479563100661574
335,260,4.461609701586114
336,1198,4.925913595300165
336,246,4.90223541857789
336,48516,4.867311265854193
336,1225,4.835614989904878
336,3275,4.829952832644714
337,356,5.0
337,1089,5.0
337,1198,5.0
337,2329,5.0
337,3147,5.0
338,38061,3.643081455356358
338,356,3.6420943646717436
338,1198,3.63926504767059
338,1104,3.6261919322887737
338,2858,3.5595067246684797
339,912,4.827607067443465
339,50,4.81452425797731
339,1204,4.8124587117635755
339,1089,4.788258207981703
339,1104,4.739599505169228
340,750,4.9541562124216085
340,3451,4.934863672273265
340,260,4.93416218885862
340,247,4.921332659984796
340,898,4.917600029333318
341,898,4.692402436068996
341,6016,4.64450252438902
341,38061,4.603396940417483
341,1104,4.584406675186885
341,1276,4.565079876836452
342,2329,4.179188774487586
342,1283,4.128825621986094
342,7153,4.11516816743394
342,110,4.109946847846596
342,1203,4.064570654878944
343,2067,4.579687081711701
343,1267,4.523233094979303
343,7361,4.521662670563659
343,904,4.496022729343221
343,778,4.491952699247619
344,457,4.632345069282974
344,7090,4.5302444100934345
344,904,4.527880294820912
344,6377,4.507433809276399
344,922,4.479750930917026
345,1204,4.694879429146543
345,912,4.694534699246567
345,1237,4.6701960172299435
345,908,4.668426258549639
345,5618,4.656639089567666
346,1250,4.310736192752366
346,933,4.287099302155656
346,318,4.285773448235004
346,1178,4.28004771324609
346,3030,4.247669192139737
347,318,4.50775725448429
347,2571,4.390013143513913
347,1276,4.327578112572022
347,78499,4.314035275518236
347,904,4.307379802225159
348,1197,5.0
348,904,5.0
348,7361,5.0
348,741,5.0
348,1204,5.0
349,1225,4.49994080387802
349,2571,4.495153167482351
349,38061,4.490032070095108
349,1193,4.4465101937307425
349,922,4.436272194342932
350,1204,4.31217917594138
350,318,4.279449110327208
350,904,4.279384030261997
350,527,4.273305958350703
350,1262,4.195865657472876
351,318,4.618570552369392
351,50,4.561292563253202
351,904,4.492520465563971
351,527,4.482821443258134
351,4973,4.467959359489059
352,720,4.6102227693151425
352,750,4.599183804857075
352,858,4.575627800197437
352,110,4.562047456177187
352,1203,4.538881865541508
353,4993,4.549635126825823
353,1204,4.504300055800024
353,1228,4.480474267440379
353,3468,4.474460935558458
353,48516,4.450068583296499
354,1213,4.538365180787055
354,1276,4.460935198217683
354,3030,4.375115303915428
354,2019,4.363509007248216
354,1198,4.347712482398011
355,1249,4.761794425990818
355,1208,4.694729920681866
355,5954,4.6946048972348144
355,356,4.6891725484700455
355,1204,4.684177131481641
356,899,4.6709525897947275
356,1172,4.659618367197569
356,1104,4.647093851719084
356,6016,4.631945207104607
356,3083,4.605608800580903
357,5690,4.76765256657497
357,4226,4.673167072703449
357,2571,4.665391866220232
357,6711,4.633416354699688
357,750,4.591195125364062
358,778,4.21844119569686
358,1204,4.163991466073901
358,951,4.097084458844852
358,2019,4.095451373357257
358,3275,4.0853454486153105
359,50,4.347915819870967
359,912,4.324505618904619
359,750,4.271291908603987
359,31658,4.193912040109174
359,1283,4.128941787350249
360,2324,4.513908087517558
360,318,4.4928605726449575
360,48516,4.45053731211916
360,56782,4.4430962943958034
360,3508,4.426355930291619
361,168252,4.014996374388791
361,1204,4.005216568995457
361,3508,3.9856450318688657
361,56782,3.974761340682158
361,3147,3.974261717424021
362,750,4.822942636834642
362,2502,4.8216561149454575
362,1261,4.8184386875271645
362,527,4.794203816474676
362,898,4.79276964137334
363,1204,4.088224503292588
363,910,3.999432451123309
363,1223,3.957891493954718
363,48516,3.9542861466136854
363,1276,3.9501463259205676
364,1104,4.985509074048663
364,58559,4.963987000138831
364,246,4.819567056559131
364,318,4.810755153489767
364,4226,4.806890355420565
365,1035,3.8670546353055792
365,1104,3.827422255168923
365,3726,3.729084403158395
365,4347,3.686056838799956
365,177593,3.681206161761751
366,750,4.493292336071104
366,2324,4.475689620174919
366,908,4.458984769958849
366,1203,4.4118934507828795
366,1245,4.393530513963882
367,1204,4.841920243290464
367,1267,4.773803350687523
367,246,4.763406799063896
367,1217,4.750440966924669
367,1213,4.730474732068068
368,4226,3.912100233051813
368,1204,3.8587640212924716
368,541,3.799047257522631
368,1104,3.794036584811182
368,750,3.7834323901538913
369,1233,4.187019295410988
369,1213,4.186265606751177
369,1201,4.1414777748800295
369,858,4.135868112213816
369,750,4.135768163479071
370,1193,4.1734301486771015
370,1104,4.135411808520388
370,246,4.121631061089481
370,5690,4.1204927015636015
370,912,4.114858226528676
371,50,5.0
371,527,5.0
371,1089,5.0
371,1196,5.0
371,1197,5.0
372,1223,4.161860581904522
372,2324,4.152434405600392
372,3147,4.151125064749821
372,1945,4.13718254666195
372,3578,4.108535776551484
373,4973,4.726610219447432
373,2959,4.689989560528607
373,1136,4.5465041916857984
373,858,4.467700063508078
373,720,4.436575195644819
374,3275,4.399015748165886
374,898,4.357239557109413
374,50,4.352264547836421
374,1204,4.312099984667968
374,3468,4.3016704233606635
375,296,4.960449277171131
375,541,4.94968193053045
375,1193,4.9451161624897715
375,1221,4.936855321873944
375,1136,4.879552483128784
376,58559,4.745872934771034
376,3037,4.709090753005672
376,2019,4.699307855914752
376,318,4.695203713940162
376,899,4.670837992853636
377,527,4.960391053647597
377,296,4.905753542895763
377,904,4.867742382808362
377,4973,4.839151660099739
377,246,4.826679457090661
378,1197,4.39319594997298
378,1223,4.383645006915069
378,2324,4.371799170968411
378,750,4.325688748205533
378,1204,4.317603010816166
379,2571,4.18056067995365
379,7090,4.1708395835340255
379,1204,4.149627801543187
379,1223,4.1465931823578375
379,1197,4.143579255823103
380,8949,4.882518803974371
380,1262,4.661084964685009
380,1203,4.631119837913579
380,5902,4.6192832350231665
380,904,4.5956379034395765
381,904,4.525776361720649
381,750,4.4735421076287185
381,48738,4.416668540873798
381,720,4.404834612922216
381,296,4.398037457108392
382,1197,4.972100939220493
382,1136,4.840951584811271
382,1223,4.819450913347399
382,5618,4.78748455022542
382,1221,4.731888990872547
383,1104,4.58113824023935
383,3435,4.576695928240294
383,750,4.558062635885239
383,318,4.548585662471749
383,2959,4.503633950244845
384,260,4.27722378181983
384,1233,4.249053874055448
384,1197,4.135890785599736
384,1136,4.132409377812199
384,5618,4.127522035351322
385,110,4.3500427643476405
385,2571,4.30685292909767
385,527,4.268093895662492
385,4226,4.255127699866162
385,904,4.219247112217864
386,750,3.8916245526765736
386,356,3.8505642111552607
386,1204,3.8068894798129467
386,1136,3.731856092678391
386,1193,3.7210406293438325
387,527,4.32539848826874
387,7361,4.270514111734179
387,1272,4.2511231990661225
387,1178,4.1662612728912345
387,3451,4.161893860278586
388,318,4.674986993518348
388,48516,4.651979336047956
388,1204,4.636315816398626
388,904,4.581589181397016
388,1276,4.572250088001384
389,1089,5.0
389,1196,5.0
389,1198,5.0
389,58559,5.0
389,1200,5.0
390,3451,4.620400276854863
390,34405,4.550703427482373
390,1277,4.50968054819116
390,541,4.502353781852918
390,1225,4.491038148087041
391,5618,4.636632571004629
391,1248,4.580547143045271
391,2329,4.5385636089165535
391,475,4.506482937848466
391,54503,4.505458299294509
392,296,4.357804471178501
392,7153,4.229170742199484
392,47,4.199916941385194
392,750,4.167248572208086
392,1225,4.166776516071799
393,2324,4.795590811013461
393,1203,4.743875579866048
393,2761,4.735543783636521
393,2726,4.7072580995574835
393,318,4.686234686722429
394,2571,4.005668424177307
394,318,3.9699401793643507
394,904,3.9247914371014345
394,3451,3.8947734815421513
394,2959,3.8767965933947495
395,3147,4.135023984345271
395,3451,4.102338713650493
395,3275,4.0794641842604475
395,1272,4.0785859955056765
395,56782,4.059318403124295
396,177593,4.087717210740229
396,2324,4.0067111236334005
396,57669,3.971974982266923
396,2959,3.96705370605834
396,1283,3.9664755080099123
397,922,4.649468888971208
397,56782,4.552545008966779
397,912,4.535749455221691
397,914,4.529017742339224
397,741,4.5218229881549465
398,912,4.924164752436836
398,527,4.81918314680904
398,1276,4.8175262252268185
398,318,4.8141041242586065
398,750,4.759134023669434
399,1136,4.541775102889246
399,750,4.521288481072315
399,6807,4.454779946349222
399,68157,4.453932909073519
399,898,4.437720128659877
400,750,4.817540770527707
400,4226,4.73516413325944
400,1206,4.724080532950449
400,2329,4.71508255237503
400,56782,4.707592797340308
401,3451,4.320693259219065
401,1204,4.290795646336311
401,318,4.214002175593604
401,750,4.203639876743824
401,1197,4.159101806870319
402,1204,4.865593109808372
402,953,4.772189511695869
402,1262,4.753172782612266
402,260,4.727199335804074
402,5690,4.702282761469629
403,356,4.545681718280436
403,1204,4.464760537615313
403,741,4.434305446177424
403,58559,4.398513529740582
403,112552,4.386950324469629
404,1204,4.296001284170171
404,1198,4.213120829756201
404,48516,4.137141364147974
404,1276,4.1296531013052435
404,1223,4.1091649400956145
405,318,4.670208109589445
405,1204,4.659545242530024
405,1197,4.651150306588507
405,904,4.607270856226471
405,260,4.594968813361458
406,3275,4.489938076474501
406,1223,4.465289440932178
406,1204,4.43917278317292
406,3468,4.435913267713652
406,1245,4.386663668315282
407,1104,4.612889225923634
407,904,4.562329737005936
407,318,4.560375646147338
407,527,4.556897936530691
407,912,4.5487136595900415
408,1197,4.887148955733456
408,1213,4.802775297807862
408,1204,4.799878618083885
408,2329,4.779897826845189
408,1235,4.767721464596531
409,1204,4.828883335157939
409,4973,4.71443490762662
409,48516,4.65234996960876
409,8368,4.6415616542950735
409,898,4.588018931009624
410,3508,4.843503194154213
410,38061,4.767420303007162
410,1225,4.759449478602726
410,1233,4.740716426587337
410,1262,4.730293792595791
411,1252,4.2904429048851895
411,720,4.267111929155948
411,1204,4.2542160398496085
411,3147,4.188669977179954
411,750,4.185744299791933
412,899,4.666034059234916
412,318,4.660486359368156
412,1196,4.6032424851799965
412,912,4.5999713275979115
412,475,4.585520540886689
413,1258,5.0
413,2324,5.0
413,56782,5.0
413,1104,5.0
413,68954,4.9917836126287005
414,74458,4.595481286565482
414,3030,4.58877146780857
414,1411,4.58820250557473
414,954,4.570172863165141
414,922,4.5547357053355135
415,1204,4.723911466961028
415,1262,4.622053753379038
415,1217,4.558932644591936
415,1089,4.554705057733445
415,527,4.540379837856371
416,1104,3.9645422120425873
416,2239,3.885301149167778
416,866,3.856502596299463
416,1213,3.8379269365498123
416,246,3.8054755962845093
417,904,4.896429948033429
417,50,4.849988650402382
417,527,4.844029125255301
417,750,4.832516967238058
417,2324,4.823752053158007
418,750,4.628180951584343
418,2571,4.627432615553314
418,858,4.584428645222292
418,924,4.534361666381574
418,1221,4.529955368104035
419,1225,4.776653005042994
419,112852,4.663382752892708
419,1233,4.655983512160783
419,3275,4.580584958275106
419,1204,4.576089372995304
420,1223,4.5152665222036426
420,5690,4.415518927100794
420,1283,4.412381918930363
420,1217,4.410543809430756
420,1258,4.404543036898935
421,750,4.8291719758828755
421,356,4.799189898027446
421,858,4.759530903867533
421,50,4.754389421993986
421,1270,4.739577218205205
422,50,4.328548412510102
422,1270,4.241778094137126
422,1196,4.238298629327121
422,1198,4.224359499671111
422,2329,4.212130523399285
423,4993,4.594829228001483
423,50,4.564753040380349
423,1201,4.525700421053938
423,750,4.521757455860459
423,2324,4.379195026786106
424,1136,4.506864114756834
424,5618,4.471019056481924
424,4642,4.371664476906297
424,898,4.368453603138974
424,246,4.348529613785876
425,3451,4.226290516048579
425,1104,4.223159061208326
425,1172,4.196267450829199
425,1276,4.193511269683925
425,48516,4.159898089447146
426,1246,4.5160639405733045
426,127098,4.4528740162479234
426,3429,4.434550220669566
426,246,4.416942124566811
426,1204,4.366167392258428
427,541,4.116488164783494
427,2028,4.089924272440827
427,356,4.057143129747373
427,1266,4.053297272728536
427,1221,4.0520103624441575
428,858,3.9084288077212737
428,247,3.8492245644105934
428,111,3.8429262003115072
428,1079,3.82726569859255
428,1221,3.789235500664364
429,356,5.0
429,1213,5.0
429,318,5.0
429,1204,5.0
429,904,4.980922188316198
430,48516,4.616761048785128
430,1198,4.608262570530011
430,2959,4.596214822949504
430,296,4.59347340514954
430,1204,4.557723494095372
431,1208,3.938841780928082
431,1204,3.8937823431672527
431,898,3.822144424700806
431,8368,3.8139371593756124
431,318,3.8038610183251302
432,1041,4.500887130637766
432,904,4.493275631060368
432,1272,4.467928384027663
432,1207,4.46695318104077
432,951,4.445222290513789
433,1233,4.281286985418839
433,1237,4.234196406495935
433,1276,4.218718014051441
433,57669,4.207608734366057
433,3275,4.202428591523233
434,1221,4.86363572334958
434,1198,4.634617359458799
434,475,4.587220618309363
434,122882,4.529313925051769
434,1223,4.489964089365202
435,4226,5.0
435,4993,4.956953070724187
435,5952,4.918678659752848
435,750,4.858944273295698
435,7153,4.836698932943291
436,904,4.249054982178962
436,1225,4.230080067895893
436,3147,4.198063229677594
436,48516,4.164383077967084
436,1204,4.147710883386835
437,858,4.577463917747392
437,2329,4.549190805630736
437,57669,4.53111843213736
437,2959,4.527724322774847
437,1228,4.525914406064079
438,750,4.328433319213504
438,2067,4.321927642699428
438,50,4.296900869060279
438,904,4.28309145261961
438,1221,4.257964321271789
439,1136,4.571625570517701
439,475,4.5486786398391335
439,904,4.522335427329392
439,1276,4.521612867854281
439,7361,4.5096048409397635
440,318,4.6170322712514995
440,750,4.55445270346754
440,904,4.539394393162133
440,58559,4.507241267185061
440,2324,4.500716692564514
441,1288,5.0
441,1276,5.0
441,3275,5.0
441,3451,5.0
441,1204,5.0
442,318,2.887146376035711
442,1276,2.818224372574449
442,527,2.7912586189888358
442,475,2.725720582077
442,1199,2.6944233845776138
443,1250,4.733173064930736
443,1219,4.702371442115996
443,1136,4.68627303122759
443,1228,4.666668540701194
443,898,4.663830870488452
444,750,4.699310885957312
444,898,4.689204795693793
444,912,4.667933215391655
444,4973,4.663091856030552
444,2959,4.631273325699132
445,1225,4.373420496782995
445,46578,4.361024389571023
445,57669,4.330513824971541
445,48516,4.306612875465779
445,1204,4.282206312296864
446,720,4.276618602770448
446,1214,4.225651958973102
446,750,4.218739344287742
446,1252,4.214192432734332
446,904,4.1870177884900945
447,1204,5.0
447,1222,4.941239920684964
447,750,4.902201734792112
447,2019,4.89998584617614
447,1193,4.875934995906381
448,2329,3.8973454767452083
448,527,3.8939306348838634
448,5618,3.7319061219858716
448,1199,3.7281389903510336
448,110,3.723506486343241
449,750,4.011273459793816
449,899,3.99353230848852
449,1213,3.9818008758988572
449,858,3.9524009657030845
449,741,3.9345272232762456
450,296,4.939698856073568
450,1204,4.921271922685739
450,750,4.839101083452935
450,318,4.822459215775471
450,858,4.795154851873781
451,1233,4.743433018979388
451,1221,4.692552919321458
451,1945,4.689683073065955
451,750,4.650641574482203
451,2959,4.623666257379841
452,50,5.0
452,296,5.0
452,333,5.0
452,593,5.0
452,1208,5.0
453,1219,5.0
453,904,4.885209138516425
453,475,4.874319002012885
453,908,4.8697678312042525
453,3836,4.8537298760473675
454,2324,4.702461582751178
454,50,4.433562061466943
454,2959,4.427772381749273
454,318,4.4192368568742415
454,750,4.378254381850489
455,1204,4.405621821514885
455,1276,4.2780708229651125
455,44555,4.255603823866846
455,7371,4.22284065723305
455,933,4.216020756807136
456,750,4.981220320539532
456,1204,4.942268559656315
456,1208,4.910031795086844
456,318,4.908593554419545
456,2160,4.893029995315585
457,1213,4.380686002212887
457,1204,4.352805204963562
457,750,4.337864594816035
457,50,4.3080923200337775
457,3275,4.288256153514557
458,1204,5.0
458,1198,4.991104952899829
458,899,4.948568603990586
458,912,4.915656139394427
458,1276,4.9005444153446955
459,318,4.922005703387129
459,2959,4.896876905845085
459,1104,4.817554496149099
459,1262,4.815847271631911
459,7090,4.781292059446183
460,933,4.778023806352005
460,750,4.7376305399920415
460,904,4.72656416366072
460,1228,4.717623182327618
460,4226,4.705392801773433
461,1104,3.748832618782449
461,48516,3.67308157887971
461,3949,3.65330074232828
461,7361,3.641943747209674
461,899,3.625374766252302
462,495,4.53708190009134
462,56782,4.493338233684285
462,5618,4.482421166580673
462,1178,4.469780733482434
462,930,4.46494305985771
463,2959,4.509377299506265
463,3275,4.50782905690868
463,1196,4.497149044711305
463,260,4.4913115218593
463,7156,4.47871341498602
464,50,4.727361181678663
464,913,4.5515146665484085
464,109487,4.5308823799189595
464,2202,4.504678824714448
464,720,4.501907413437041
465,1204,4.928191795850858
465,296,4.861895231963538
465,741,4.815683501052544
465,4973,4.808036421783191
465,1197,4.771249583594023
466,750,4.670530849002475
466,1272,4.64528029814521
466,3836,4.642277172348322
466,1104,4.6185828414087995
466,246,4.568058586536144
467,356,4.29715444613536
467,318,4.285057147531158
467,720,4.269368216517162
467,48516,4.259113613981394
467,750,4.221230810310243
468,1225,4.347406669070639
468,1204,4.330574170112489
468,2959,4.307317415216414
468,1283,4.300028389798594
468,933,4.26822938059583
469,2959,4.5817137526804705
469,3996,4.567792620610633
469,4226,4.552723140867465
469,5500,4.549738130581198
469,4993,4.547407241191434
470,3451,4.401679341943079
470,48516,4.392300408212386
470,1204,4.38377081385038
470,4011,4.362798796930245
470,910,4.3440481505956114
471,1204,4.348192365980457
471,750,4.328696212484258
471,3681,4.263800928829899
471,1291,4.236349211366874
471,4993,4.231029109202477
472,1204,4.782639042785434
472,1213,4.767938587203718
472,260,4.739335360975415
472,898,4.713373178796743
472,51255,4.6937623945375755
473,48516,4.500859702749281
473,1089,4.4179400291013335
473,58559,4.393864200050889
473,6874,4.263841086720573
473,750,4.240064924540434
474,1287,4.470588296277417
474,741,4.432559619348563
474,58559,4.413439541846866
474,56782,4.396515751507319
474,55820,4.3722458508697635
475,356,5.0
475,527,5.0
475,1089,5.0
475,1208,5.0
475,318,5.0
476,260,4.719520741750304
476,50,4.613300168202672
476,1196,4.563222285621962
476,750,4.518290764924046
476,4973,4.5107276604872215
477,1172,4.784606484503235
477,2329,4.781345357540125
477,1200,4.703137393222059
477,50,4.691510271360516
477,38061,4.679857706883719
478,3451,3.906848605387467
478,904,3.8831115585058775
478,318,3.8748182448830106
478,3147,3.8337110645176202
478,527,3.8117882452224245
479,1136,4.8317082891509795
479,750,4.625188553592863
479,1197,4.575316814814144
479,1193,4.571586133809512
479,608,4.553177250480146
480,1223,4.365729267713098
480,79132,4.35422849489476
480,1945,4.340739575571224
480,750,4.336297765494491
480,4014,4.297474028124574
481,1198,4.056210273357207
481,296,3.9616796596067076
481,858,3.9470815945614794
481,2324,3.911685985576719
481,1210,3.910663825821241
482,318,4.635384623908549
482,356,4.599708164523809
482,48516,4.5504388977268615
482,1204,4.478941567960992
482,2329,4.471783086310331
483,904,4.668792331095296
483,1148,4.65515204841233
483,247,4.634405163126548
483,720,4.594970246416338
483,924,4.576227464304504
484,260,4.970255982488602
484,898,4.811289105689834
484,750,4.801609691633325
484,908,4.742864901303008
484,1276,4.731643570029725
485,318,4.778530236826644
485,1104,4.765417750891352
485,4973,4.739985043051971
485,56782,4.730376260101968
485,57669,4.692301266800696
486,58559,4.927749992877145
486,246,4.832808068170451
486,6377,4.825505734546776
486,2360,4.8170415572419385
486,56782,4.808870372572801
487,1204,3.7902652880294116
487,1193,3.685954118074801
487,720,3.6323828722691056
487,3451,3.6301551970096457
487,1201,3.615338163340632
488,48516,4.65815893658087
488,2959,4.483817593788173
488,1201,4.479198573857492
488,858,4.473485029102283
488,1213,4.470652661595304
489,318,4.825479198616672
489,527,4.669842267821856
489,1199,4.3138702054125915
489,99114,4.295388715612967
489,741,4.294195514449208
490,318,4.117669494705347
490,720,3.994938286887
490,1704,3.9931095835877626
490,2324,3.9732584596817078
490,858,3.956204477367818
491,3508,4.854349350193254
491,1262,4.822558577746791
491,898,4.821008018549767
491,1228,4.819942716866353
491,246,4.818220192110279
492,1252,5.0
492,246,4.998492072891495
492,2324,4.987083531461215
492,1204,4.985681084258611
492,1283,4.944907970457532
493,1208,4.51707558959454
493,4011,4.50289688750358
493,318,4.469221926748534
493,1204,4.427449841280968
493,1617,4.393203750546698
494,750,4.679484150959622
494,79132,4.674627743366147
494,246,4.656347088601136
494,1089,4.6181077149438154
494,4027,4.613607942935786
495,778,5.0
495,30707,5.0
495,1089,4.9239223588516685
495,1288,4.922961851242336
495,1198,4.9074416000700225
496,318,4.191945433542468
496,1276,4.191414081395315
496,1204,4.15477639321586
496,2019,4.107101588287794
496,4973,4.059392029951319
497,1104,4.321819435451049
497,1242,4.260619583640485
497,3508,4.212485308317746
497,914,4.180282845785205
497,1089,4.157205001339258
498,1204,4.958811293726198
498,56782,4.880339588325514
498,1276,4.870906293724415
498,260,4.826071916197074
498,908,4.809485868232083
499,1204,4.753094519945229
499,912,4.616600627644253
499,1208,4.594354211680069
499,296,4.5540239908112214
499,750,4.5358698096581165
500,50,4.558867932855698
500,2959,4.501029215000465
500,318,4.450107528432983
500,296,4.435113429077104
500,750,4.325080297313643
501,1204,4.165619066769345
501,44555,4.118156700097352
501,1276,4.110346278639228
501,3451,4.1098818495556815
501,898,4.094147278600401
502,1136,4.569212460395996
502,1197,4.396903501302352
502,1617,4.310803406102048
502,1276,4.3076196825533355
502,5618,4.300498567821569
503,260,4.267751833898413
503,922,4.200379134266562
503,898,4.151523696265201
503,1041,4.13407538308608
503,2324,4.13070071161413
504,356,4.692707164529254
504,318,4.679813851888095
504,2959,4.544381641601272
504,904,4.522192047099451
504,6016,4.497330616495577
505,1204,4.941781050686446
505,3451,4.8636446961523125
505,7153,4.8598600262494385
505,1208,4.847258111811983
505,2160,4.8384098683755505
506,356,4.299948872292883
506,318,4.245766434082901
506,3275,4.096850098124712
506,2329,4.051888317425423
506,2571,4.041543216140006
507,318,4.2296472395199025
507,260,4.193915693681494
507,1204,4.1586212230184705
507,1249,4.094534211584513
507,1198,4.07379257063493
508,318,3.301123205669695
508,48516,3.283893915624747
508,260,3.243557209901783
508,1204,3.2327957356226817
508,1172,3.113394249461731
509,2959,4.18085541800289
509,318,4.177518791980941
509,48516,4.092158592453606
509,4011,4.064660707812202
509,5690,4.057759943473648
510,260,4.114726986332961
510,1089,3.8410876959470386
510,68157,3.8196858719121867
510,1080,3.750566755142564
510,923,3.740726874243953
511,750,4.784598951777461
511,1258,4.769287625739303
511,8874,4.752820899573095
511,1204,4.743028673142021
511,1276,4.733789893808156
512,260,4.865394881744039
512,858,4.745980612341861
512,1204,4.715721707578886
512,750,4.677864116710479
512,912,4.655910970489737
513,1204,4.426818104205687
513,1198,4.419532235074985
513,1250,4.4001869082450655
513,1197,4.374922704884287
513,2019,4.369176611425146
514,50,4.498012781244576
514,318,4.492047949281746
514,912,4.364982209114454
514,858,4.360240287493351
514,527,4.352446410919589
515,296,5.0
515,1089,5.0
515,1136,5.0
515,1196,5.0
515,1208,5.0
516,318,4.567865746969915
516,1242,4.459735813584547
516,904,4.3962561056619665
516,3451,4.389838925728384
516,1199,4.354290128773839
517,1172,3.841300863444907
517,84152,3.717826172056998
517,720,3.570440906114837
517,1041,3.449788663920985
517,56367,3.4373109991360136
518,1197,4.621915430128123
518,260,4.528046911892882
518,1270,4.500643317095168
518,1204,4.498834632351
518,1198,4.479523456383415
519,2571,4.983362416634585
519,1258,4.937712680778702
519,1233,4.917486208128324
519,112852,4.8757122150922205
519,898,4.874567463760159
520,912,4.859620603724154
520,1104,4.782174812476398
520,899,4.7653470399142845
520,6377,4.714685434373626
520,1237,4.671623427963884
521,3451,4.612174949505963
521,318,4.567904312102302
521,1221,4.485343387884843
521,904,4.465870701359529
521,750,4.464124478496801
522,1204,4.9848065126810726
522,1225,4.700705995596652
522,3468,4.651153625374492
522,1237,4.623501524208521
522,7090,4.594037728757341
523,47,5.0
523,260,5.0
523,296,5.0
523,923,5.0
523,1089,5.0
524,898,4.484943322636518
524,3275,4.415563565111913
524,40819,4.406819090885636
524,2300,4.402746870581654
524,1213,4.3978392785598714
525,1291,4.30426455211507
525,1148,4.276410265283663
525,904,4.2722685427247304
525,910,4.266653171605455
525,1172,4.19277399164042
526,1198,4.775724409674086
526,1213,4.689443823671057
526,3275,4.67840578176434
526,457,4.6639983359580155
526,177593,4.663178331968259
527,356,5.0
527,1283,4.97709174100141
527,48516,4.926312327073105
527,2571,4.908266123151615
527,7371,4.894624621119099
528,27773,4.205969257931882
528,318,4.178956949309127
528,1267,4.157205589087276
528,56782,4.126153487613894
528,1204,4.121879827963955
529,1204,4.416504643881922
529,1198,4.369029833392653
529,858,4.342430277835638
529,750,4.264320943406116
529,318,4.261957572328847
530,1204,4.681629501893318
530,750,4.651875853731596
530,2502,4.5706472363079875
530,5690,4.565415200974762
530,1262,4.488932052432728
531,899,4.534092769532145
531,2959,4.474730889694389
531,5690,4.45298275269664
531,741,4.43572007848344
531,1237,4.425151532206151
532,750,4.88929653100609
532,6711,4.7821843380347575
532,904,4.76511368915577
532,2160,4.746830559307099
532,898,4.734700742237811
533,5690,5.0
533,1204,4.969963324186447
533,720,4.913189647296047
533,38061,4.904871559082175
533,177593,4.8716899649648715
534,1204,4.576663025481839
534,318,4.565422346954501
534,750,4.552874948242602
534,50,4.550209022804033
534,1272,4.543445098164157
535,260,4.100954708034172
535,296,4.062445476578839
535,318,4.001923856233232
535,50,3.99151612058056
535,924,3.871447622895968
536,1267,4.224507463915988
536,1206,4.221329608875117
536,1204,4.215898767372441
536,1242,4.210152951871799
536,1199,4.191454505592576
537,1387,4.717495870674984
537,1276,4.674275666858586
537,910,4.653455084425909
537,6016,4.639763154830798
537,3836,4.612146700252417
538,50,5.0
538,260,5.0
538,1208,5.0
538,318,5.0
538,1250,5.0
539,1225,4.594004069338011
539,1387,4.581792168533436
539,2324,4.52740804848173
539,1200,4.526975245458033
539,1204,4.519755421655136
540,318,4.801960726998531
540,110,4.696388152297333
540,898,4.680240129388633
540,778,4.680197298905605
540,3275,4.663969674756694
541,750,4.439314083204198
541,1221,4.377746065751539
541,1283,4.303617944462029
541,7090,4.303071543400709
541,3147,4.264449309653277
542,904,4.61555699376793
542,1233,4.395106295540205
542,1204,4.348228294597004
542,1197,4.335065091271211
542,1207,4.288547681947576
543,110,5.0
543,527,5.0
543,954,5.0
543,1197,5.0
543,1208,5.0
544,1258,5.0
544,318,5.0
544,904,5.0
544,750,5.0
544,1193,5.0
545,3275,4.400216745557544
545,105504,4.3981945454263025
545,56782,4.38484882975393
545,3451,4.383789929032526
545,246,4.336549092245245
546,1252,4.475819975356759
546,57669,4.4740491184837055
546,48516,4.471489441478822
546,7090,4.467789914059056
546,951,4.439906199195204
547,1197,4.8670530747694
547,750,4.82672000473506
547,4973,4.788985006449661
547,899,4.774617545727859
547,356,4.739519175565751
548,4973,4.819018731874564
548,50,4.818837060509732
548,1136,4.8070687448420815
548,750,4.749989792359458
548,6711,4.731559806288492
549,1213,4.262586677449774
549,1242,4.245332664014305
549,3508,4.142503948262695
549,168252,4.117571966226456
549,2324,4.109186695095624
550,1222,4.628477206994852
550,2959,4.604660954467981
550,2324,4.583057016188908
550,296,4.5557839049412445
550,750,4.535633540688289
551,1204,4.50924025885583
551,1262,4.422094295810776
551,1104,4.404001650304462
551,1213,4.39665170498747
551,933,4.395269571230454
552,858,4.511996850974536
552,4226,4.3788233422773075
552,1221,4.328181516785555
552,260,4.283794051862045
552,1198,4.212777911102246
553,318,5.0
553,1203,5.0
553,1204,5.0
553,933,4.8645570491675025
553,7156,4.852232555055509
554,3334,4.858177796099608
554,260,4.84628927328404
554,58559,4.782088086365769
554,4993,4.780443787680148
554,457,4.755445054173748
555,750,4.733886928326127
555,527,4.7057687201241105
555,924,4.70553306563969
555,1267,4.6357843944241335
555,4973,4.633004084857763
556,1104,4.862342647776939
556,898,4.852595619377321
556,318,4.817754828015293
556,1203,4.769537180907703
556,57669,4.757089421260735
557,1276,4.594967146360616
557,3451,4.525524875534193
557,1136,4.511375808074227
557,1104,4.507386598887036
557,1223,4.492734212679462
558,44555,4.755887835823748
558,318,4.724581239646314
558,2160,4.723824709861336
558,5690,4.710504904086242
558,2959,4.686906775107692
559,2571,4.347525082841678
559,904,4.341400252752134
559,1270,4.3266629334340205
559,4973,4.281741332166527
559,1196,4.267083667857147
560,318,4.346620153004888
560,858,4.305688535678927
560,1104,4.253199267419544
560,1213,4.228482621887085
560,1204,4.220150039062324
561,1201,4.295244027992625
561,5618,4.113340566656284
561,541,4.094321060913894
561,1262,4.092988406857655
561,745,4.085444265129649
562,1104,4.872429760551721
562,899,4.838442603487529
562,1204,4.804745045089638
562,2324,4.773518480024027
562,1172,4.770016292915133
563,296,4.288323937797505
563,58559,4.23558211897454
563,5690,4.206648765443467
563,1204,4.205636874787479
563,2959,4.204355438671891
564,1272,4.4454418577700485
564,1104,4.420006306423695
564,1204,4.4069314099324295
564,750,4.404607663582605
564,1197,4.382272642739863
565,4973,4.683058404318498
565,750,4.5218396926343845
565,2959,4.5090167704517805
565,904,4.405099503978017
565,1204,4.404848999689483
566,750,4.5238021486097395
566,1104,4.469484474420816
566,908,4.399918380550627
566,1225,4.399742133510616
566,293,4.3883104435861515
567,296,3.4767961232586426
567,1204,3.359933541158534
567,1247,3.3377955639095567
567,2028,3.311221736106954
567,3468,3.3070314094674496
568,527,4.794672164532816
568,318,4.787776654284502
568,608,4.766078564371362
568,1204,4.755465201075939
568,750,4.735971519817106
569,1283,4.752549717094024
569,1237,4.730017452311827
569,3508,4.723039714044745
569,246,4.72157179589362
569,1242,4.715288383583093
570,904,4.186980527275477
570,1228,4.077982869590279
570,750,4.069383194842202
570,899,4.0616832426673275
570,2324,4.060045563384045
571,3451,3.830130242736998
571,27773,3.815473346204496
571,1221,3.785306966985767
571,1248,3.7635453342711447
571,1201,3.7398622096449534
572,50,4.880173485844485
572,1089,4.866794230378637
572,2324,4.850139423657284
572,1217,4.839491379673591
572,68157,4.831948337849082
573,910,5.0
573,1258,4.971852665883313
573,953,4.950510557808539
573,38061,4.923032867675742
573,720,4.9114675764105105
574,3275,4.786615130346566
574,3451,4.747667514011146
574,177593,4.74462317326647
574,1104,4.723985356077362
574,58559,4.718956050310665
575,2959,4.322598474498899
575,1204,4.244222357838778
575,2324,4.182390697052592
575,1203,4.154677931066916
575,904,4.132533784330238
576,318,4.2828002841599
576,541,4.163781962427273
576,4973,4.149483249401818
576,750,4.111937723016913
576,1104,4.0938963337065255
577,4993,4.402773229928998
577,750,4.3704272740491
577,2959,4.36307580326692
577,1201,4.302413500983139
577,177593,4.2655884506364306
578,112552,4.939961939982091
578,912,4.937603249309656
578,899,4.932698481150778
578,1276,4.913081176770381
578,1204,4.842382702200262
579,1104,4.788790943390266
579,899,4.775094359330077
579,6711,4.751913152868752
579,1246,4.747373845596275
579,750,4.736627436027292
580,913,4.2709727610731765
580,55247,4.267977081843498
580,74458,4.26641838302905
580,441,4.232811482724797
580,2324,4.202946000217425
581,1204,4.764098445264013
581,4011,4.7570977111698545
581,750,4.73586959824012
581,3451,4.723918191031045
581,48516,4.696835295805976
582,858,4.643134955728821
582,898,4.60139642086106
582,318,4.574374893684884
582,527,4.562410395745704
582,1276,4.5523297347050065
583,1204,4.248279544720559
583,908,4.126277666378626
583,318,4.123669463825584
583,3671,4.053233233031565
583,750,4.046511866441916
584,2324,5.0
584,750,5.0
584,7090,5.0
584,1204,5.0
584,1242,5.0
585,318,5.0
585,1198,4.881332010516342
585,1270,4.856452484821783
585,1204,4.853254482688631
585,356,4.846604126525918
586,1213,5.0
586,2580,5.0
586,898,5.0
586,1250,5.0
586,3275,5.0
587,1204,4.889377148999327
587,7156,4.830948617371313
587,2067,4.830098528856781
587,318,4.729520854294079
587,1225,4.7272860548017395
588,32,4.118482172565239
588,57669,4.087146353419656
588,1210,4.086349813074986
588,2959,4.069745655918875
588,2329,4.069301492991052
589,750,4.900329551904131
589,910,4.885138905311196
589,1204,4.866414039314861
589,899,4.838868401173315
589,3508,4.827739221904516
590,5618,4.174949065646153
590,741,4.1378629153845745
590,27773,4.076756027890766
590,1178,4.074925422495248
590,4973,4.069961816081397
591,1204,4.292370246937031
591,750,4.2192581211120235
591,1198,4.191600743381621
591,2028,4.177850613948714
591,58559,4.169751396809108
592,1213,4.695179903643474
592,1197,4.681615396257632
592,750,4.67462259626857
592,1262,4.656107159662733
592,1204,4.644678057423916
593,923,4.044978235286367
593,1247,4.011495666970768
593,750,3.9883880456801837
593,1204,3.986341544038938
593,3147,3.9635496212027537
594,1283,5.0
594,1356,5.0
594,53125,4.929704884755245
594,3435,4.888138589811978
594,51255,4.886349920583747
595,904,4.915097749182113
595,1196,4.880966038209512
595,898,4.855724254462157
595,858,4.789568205515143
595,58559,4.782676663883663
596,3451,4.358798895671795
596,1204,4.35800127063929
596,296,4.264881696325339
596,1262,4.263807836140208
596,741,4.247045696937374
597,296,5.0
597,79132,5.0
597,902,5.0
597,912,5.0
597,3996,5.0
598,3147,4.633243859074401
598,1276,4.477129404445144
598,246,4.475780788811735
598,1041,4.426331340251617
598,1193,4.416060464395352
599,527,3.749216473789558
599,1235,3.7475596590988296
599,475,3.6570385136907735
599,1288,3.5324035401657796
599,1193,3.5274262045206095
600,48516,4.358192700809571
600,122882,4.326320904816552
600,1221,4.168995059258476
600,1035,4.114746699159323
600,86833,4.077932998842648
601,1201,4.8816061507084125
601,1204,4.835584028888802
601,260,4.809386245742068
601,1199,4.782526995833822
601,750,4.781529268476353
602,1198,4.391648129416608
602,912,4.376038375278641
602,858,4.35782039348489
602,2324,4.354729862387157
602,1201,4.292469742795531
603,3730,4.638227217364489
603,750,4.5587005290692195
603,1238,4.546095661701019
603,58559,4.5351772498525
603,81847,4.503901247774888
604,2324,4.610727298946164
604,922,4.540546905248354
604,1288,4.529795918204047
604,1079,4.513683643708299
604,908,4.507815900389935
605,318,4.31658627853503
605,1204,4.289379231941488
605,48516,4.2813077220494895
605,7361,4.1656853648733625
605,3275,4.151126146431777
606,1104,4.4369588687063075
606,3275,4.4248986004524475
606,57669,4.407971279814858
606,1148,4.404534057638786
606,1207,4.379193917192962
607,1704,4.719973926063693
607,3451,4.683522180855244
607,1104,4.6434668013505584
607,1242,4.568772578697227
607,1221,4.558418134931072
608,6,4.78980165581562
608,54997,4.68476433518105
608,6711,4.6133849150074795
608,904,4.588718238349648
608,4406,4.517172138191255
609,1204,4.135375237576254
609,1203,4.040372830909559
609,1276,4.03523728389692
609,951,4.015964690159897
609,903,4.013173092283347
610,1617,4.706269555184666
610,1235,4.632399872038744
610,1204,4.631977660319108
610,913,4.629973543819687
610,1250,4.588570096174658
